USE geladoce;
SET NAMES utf8mb4;
-- Seed de dados fictícios para demonstração do Geladoce
-- Execute após o schema.sql em uma base vazia ou de teste.

-- Observação: a tabela usuarios foi deixada sem carga para não conflitar
-- com a geração de admin padrão do próprio sistema.

INSERT INTO fornecedores (id, razao, cnpj, telefone, observacoes) VALUES
(1, 'FrioNorte Distribuidora', '10000000000001', '(91) 98801-1001', 'Fornecedor parceiro #1 para operação Geladoce.'),
(2, 'Açaí do Pará Alimentos', '10000000000002', '(91) 98802-1002', 'Fornecedor parceiro #2 para operação Geladoce.'),
(3, 'Embalagens Belém', '10000000000003', '(91) 98803-1003', 'Fornecedor parceiro #3 para operação Geladoce.'),
(4, 'Laticínios Amazônia', '10000000000004', '(91) 98804-1004', 'Fornecedor parceiro #4 para operação Geladoce.'),
(5, 'DoceMix Ingredientes', '10000000000005', '(91) 98805-1005', 'Fornecedor parceiro #5 para operação Geladoce.'),
(6, 'Congelados Tapajós', '10000000000006', '(91) 98806-1006', 'Fornecedor parceiro #6 para operação Geladoce.'),
(7, 'Sabores do Norte', '10000000000007', '(91) 98807-1007', 'Fornecedor parceiro #7 para operação Geladoce.'),
(8, 'Norte Refrigeração', '10000000000008', '(91) 98808-1008', 'Fornecedor parceiro #8 para operação Geladoce.');
INSERT INTO funcionarios (id, nome, cpf, telefone, cargo, tipo_acesso, ativo) VALUES
(1, 'Mariana Costa', '11111111111', '(91) 99101-2001', 'Gerente', 'Administrador', 1),
(2, 'Felipe Rocha', '11111111112', '(91) 99102-2002', 'Caixa', 'Colaborador', 1),
(3, 'Joana Lima', '11111111113', '(91) 99103-2003', 'Atendente', 'Colaborador', 1),
(4, 'Paulo Nogueira', '11111111114', '(91) 99104-2004', 'Atendente', 'Colaborador', 1),
(5, 'Carla Menezes', '11111111115', '(91) 99105-2005', 'Motorista', 'Colaborador', 1),
(6, 'Rafael Tavares', '11111111116', '(91) 99106-2006', 'Motorista', 'Colaborador', 1),
(7, 'Bianca Sousa', '11111111117', '(91) 99107-2007', 'Estoquista', 'Colaborador', 1),
(8, 'Diego Farias', '11111111118', '(91) 99108-2008', 'Supervisor', 'Administrador', 1),
(9, 'Larissa Matos', '11111111119', '(91) 99109-2009', 'Atendente', 'Colaborador', 1),
(10, 'Gustavo Pinto', '11111111120', '(91) 99110-2010', 'Caixa', 'Colaborador', 1);
INSERT INTO clientes (id, nome, cpf_cnpj, telefone, email, tipo_cliente, status, pontos_atuais, total_acumulado, ultima_compra) VALUES
(1, 'Ana Clara', '20000000001', '(91) 99201-3001', 'ana.clara@email.com', 'Varejo', 'Ativo', 144, 144, '2026-03-05 11:07:00'),
(2, 'Bruno Dias', '20000000002', '(91) 99202-3002', 'bruno.dias@email.com', 'Varejo', 'Ativo', 619, 619, '2026-03-06 14:04:00'),
(3, 'Camila Souza', '20000000003', '(91) 99203-3003', 'camila.souza@email.com', 'Varejo', 'Ativo', 361, 361, '2026-03-05 14:19:00'),
(4, 'Daniel Moraes', '20000000004', '(91) 99204-3004', 'daniel.moraes@email.com', 'Varejo', 'Ativo', 407, 407, '2026-03-07 09:20:00'),
(5, 'Eduarda Reis', '20000000005', '(91) 99205-3005', 'eduarda.reis@email.com', 'Varejo', 'Ativo', 158, 158, '2026-03-05 18:42:00'),
(6, 'Fernanda Silva', '20000000006', '(91) 99206-3006', 'fernanda.silva@email.com', 'Varejo', 'Ativo', 704, 714, '2026-03-07 20:49:00'),
(7, 'Gabriel Lopes', '20000000007', '(91) 99207-3007', 'gabriel.lopes@email.com', 'Varejo', 'Ativo', 297, 297, '2026-03-01 17:29:00'),
(8, 'Helena Costa', '20000000008', '(91) 99208-3008', 'helena.costa@email.com', 'Varejo', 'Ativo', 567, 567, '2026-03-07 11:53:00'),
(9, 'Igor Almeida', '20000000009', '(91) 99209-3009', 'igor.almeida@email.com', 'Varejo', 'Ativo', 394, 394, '2026-03-05 16:38:00'),
(10, 'Juliana Rocha', '20000000010', '(91) 99210-3010', 'juliana.rocha@email.com', 'Varejo', 'Ativo', 158, 158, '2026-03-07 17:23:00'),
(11, 'Kaique Martins', '20000000011', '(91) 99211-3011', 'kaique.martins@email.com', 'Varejo', 'Ativo', 417, 417, '2026-03-06 13:18:00'),
(12, 'Larissa Santos', '20000000012', '(91) 99212-3012', 'larissa.santos@email.com', 'Varejo', 'Ativo', 378, 378, '2026-03-07 19:05:00'),
(13, 'Marcos Oliveira', '20000000013', '(91) 99213-3013', 'marcos.oliveira@email.com', 'Varejo', 'Ativo', 365, 385, '2026-03-07 19:44:00'),
(14, 'Natália Pires', '20000000014', '(91) 99214-3014', 'natália.pires@email.com', 'Varejo', 'Ativo', 328, 328, '2026-03-04 10:58:00'),
(15, 'Otávio Lima', '20000000015', '(91) 99215-3015', 'otávio.lima@email.com', 'Varejo', 'Ativo', 540, 540, '2026-03-05 10:47:00'),
(16, 'Patrícia Gomes', '20000000016', '(91) 99216-3016', 'patrícia.gomes@email.com', 'Varejo', 'Ativo', 853, 853, '2026-03-07 10:53:00'),
(17, 'Ricardo Nunes', '20000000017', '(91) 99217-3017', 'ricardo.nunes@email.com', 'Varejo', 'Ativo', 335, 335, '2026-03-05 18:33:00'),
(18, 'Sabrina Melo', '20000000018', '(91) 99218-3018', 'sabrina.melo@email.com', 'Varejo', 'Ativo', 768, 768, '2026-03-04 18:13:00'),
(19, 'Mercadinho Nazaré', '30000000000019', '(91) 99319-4019', 'mercadinhonazaré@empresa.com', 'Revendedor', 'Ativo', 0, 0, NULL),
(20, 'Distribuidora Batista', '30000000000020', '(91) 99320-4020', 'distribuidorabatista@empresa.com', 'Revendedor', 'Ativo', 0, 0, NULL),
(21, 'Lanchonete Ver-o-Peso', '30000000000021', '(91) 99321-4021', 'lanchoneteveropeso@empresa.com', 'Revendedor', 'Ativo', 0, 0, NULL),
(22, 'Loja Sabor Gelado', '30000000000022', '(91) 99322-4022', 'lojasaborgelado@empresa.com', 'Revendedor', 'Ativo', 0, 0, NULL),
(23, 'Ponto do Açaí', '30000000000023', '(91) 99323-4023', 'pontodoaçaí@empresa.com', 'Revendedor', 'Ativo', 0, 0, NULL),
(24, 'Empório Batista Campos', '30000000000024', '(91) 99324-4024', 'empóriobatistacampos@empresa.com', 'Revendedor', 'Ativo', 0, 0, NULL),
(25, 'Mercearia São Brás', '30000000000025', '(91) 99325-4025', 'merceariasãobrás@empresa.com', 'Revendedor', 'Ativo', 0, 0, NULL),
(26, 'Cantina Icoaraci', '30000000000026', '(91) 99326-4026', 'cantinaicoaraci@empresa.com', 'Revendedor', 'Ativo', 0, 0, NULL);
INSERT INTO carrinhos (id, id_externo, nome, capacidade, status, ativo) VALUES
(1, 'CAR-001', 'Carrinho Nazaré', 120, 'Disponível', 1),
(2, 'CAR-002', 'Carrinho Ver-o-Rio', 120, 'Em rota', 1),
(3, 'CAR-003', 'Carrinho Batista Campos', 180, 'Manutenção', 1),
(4, 'CAR-004', 'Carrinho Icoaraci', 150, 'Disponível', 1),
(5, 'CAR-005', 'Carrinho Marco', 150, 'Disponível', 1);
INSERT INTO produtos (id, nome, categoria, preco, ativo, tipo_item, eh_insumo, fornecedor_id) VALUES
(1, 'Picolé de Morango', 'Picolé', 4.50, 1, 'Produto', 0, 1),
(2, 'Picolé de Chocolate', 'Picolé', 5.00, 1, 'Produto', 0, 1),
(3, 'Picolé de Uva', 'Picolé', 4.50, 1, 'Produto', 0, 1),
(4, 'Picolé de Coco', 'Picolé', 5.50, 1, 'Produto', 0, 1),
(5, 'Sorvete 1L Flocos', 'Sorvete', 24.90, 1, 'Produto', 0, 4),
(6, 'Sorvete 1L Chocolate', 'Sorvete', 25.90, 1, 'Produto', 0, 4),
(7, 'Sorvete 1L Morango', 'Sorvete', 25.90, 1, 'Produto', 0, 4),
(8, 'Açaí 300ml', 'Açaí', 12.00, 1, 'Produto', 0, 2),
(9, 'Açaí 500ml', 'Açaí', 18.00, 1, 'Produto', 0, 2),
(10, 'Açaí 700ml', 'Açaí', 23.00, 1, 'Produto', 0, 2),
(11, 'Casquinha', 'Outros', 3.50, 1, 'Produto', 0, 3),
(12, 'Milk Shake 300ml', 'Outros', 14.00, 1, 'Produto', 0, 4),
(13, 'Milk Shake 500ml', 'Outros', 18.50, 1, 'Produto', 0, 4),
(14, 'Combo Casquinha + Cobertura', 'Outros', 6.50, 1, 'Produto', 0, 5),
(15, 'Barca de Açaí', 'Açaí', 32.00, 1, 'Produto', 0, 2),
(16, 'Brownie com Sorvete', 'Outros', 16.50, 1, 'Produto', 0, 5),
(17, 'Calda de Chocolate', 'Outros', 0.00, 1, 'Insumo', 1, 5),
(18, 'Leite Condensado', 'Outros', 0.00, 1, 'Insumo', 1, 5),
(19, 'Granola', 'Outros', 0.00, 1, 'Insumo', 1, 5),
(20, 'Copo 300ml', 'Outros', 0.00, 1, 'Insumo', 1, 3),
(21, 'Copo 500ml', 'Outros', 0.00, 1, 'Insumo', 1, 3),
(22, 'Colher Descartável', 'Outros', 0.00, 1, 'Insumo', 1, 3);
INSERT INTO estoque (produto_id, quantidade) VALUES
(1, 75),
(2, 66),
(3, 179),
(4, 62),
(5, 191),
(6, 148),
(7, 48),
(8, 47),
(9, 63),
(10, 95),
(11, 99),
(12, 169),
(13, 194),
(14, 46),
(15, 183),
(16, 90),
(17, 509),
(18, 305),
(19, 539),
(20, 364),
(21, 86),
(22, 243);
INSERT INTO fechamentos (id, data, caixa_inicial, sangria, contado_caixa, observacao, responsavel_id) VALUES
(1, '2026-02-26', 150.00, 15.00, 560.10, 'Fechamento referente ao dia 2026-02-26', 8),
(2, '2026-02-27', 100.00, 10.00, 295.44, 'Fechamento referente ao dia 2026-02-27', 8),
(3, '2026-02-28', 80.00, 0.00, 180.00, 'Fechamento referente ao dia 2026-02-28', 10),
(4, '2026-03-01', 80.00, 15.00, 252.25, 'Fechamento referente ao dia 2026-03-01', 8),
(5, '2026-03-02', 120.00, 0.00, 391.14, 'Fechamento referente ao dia 2026-03-02', 10),
(6, '2026-03-03', 80.00, 20.00, 564.10, 'Fechamento referente ao dia 2026-03-03', 1),
(7, '2026-03-04', 120.00, 15.00, 579.02, 'Fechamento referente ao dia 2026-03-04', 2),
(8, '2026-03-05', 80.00, 0.00, 278.50, 'Fechamento referente ao dia 2026-03-05', 2),
(9, '2026-03-06', 120.00, 0.00, 435.58, 'Fechamento referente ao dia 2026-03-06', 2),
(10, '2026-03-07', 80.00, 20.00, 322.70, 'Fechamento referente ao dia 2026-03-07', 8);
INSERT INTO vendas (id, tipo, status, data, cliente_id, revendedor_id, fechamento_id, forma_pagamento, observacao, subtotal, desconto, taxa_entrega, total) VALUES
(1, 'BALCAO', 'FINALIZADA', '2026-02-26 11:23:00', 9, NULL, 1, 'Cartao', 'Venda no balcão', 129.50, 0.00, 0.00, 129.50),
(2, 'BALCAO', 'FINALIZADA', '2026-02-26 19:44:00', 11, NULL, 1, 'Dinheiro', 'Venda no balcão', 89.00, 0.00, 0.00, 89.00),
(3, 'BALCAO', 'CANCELADA', '2026-02-26 20:20:00', 16, NULL, 1, 'Pix', 'Venda no balcão', 248.00, 0.00, 0.00, 248.00),
(4, 'REVENDA', 'FINALIZADA', '2026-02-26 11:32:00', NULL, 26, 1, 'Pix', 'Pedido de revenda', 16.50, 1.65, 0.00, 14.85),
(5, 'BALCAO', 'FINALIZADA', '2026-02-26 18:04:00', 15, NULL, 1, 'Cartao', 'Venda no balcão', 64.00, 0.00, 0.00, 64.00),
(6, 'BALCAO', 'FINALIZADA', '2026-02-26 11:29:00', 9, NULL, 1, 'Cartao', 'Venda no balcão', 49.00, 0.00, 0.00, 49.00),
(7, 'BALCAO', 'FINALIZADA', '2026-02-26 17:49:00', NULL, NULL, 1, 'Dinheiro', 'Venda no balcão', 73.00, 3.50, 0.00, 69.50),
(8, 'DELIVERY', 'FINALIZADA', '2026-02-26 16:52:00', 3, NULL, 1, 'Dinheiro', 'Pedido delivery', 117.10, 0.00, 4.00, 121.10),
(9, 'DELIVERY', 'CANCELADA', '2026-02-26 20:44:00', 7, NULL, 1, 'Dinheiro', 'Pedido delivery', 229.50, 0.00, 5.00, 234.50),
(10, 'BALCAO', 'FINALIZADA', '2026-02-26 18:14:00', 2, NULL, 1, 'Dinheiro', 'Venda no balcão', 15.00, 1.00, 0.00, 14.00),
(11, 'BALCAO', 'FINALIZADA', '2026-02-26 17:08:00', 16, NULL, 1, 'Dinheiro', 'Venda no balcão', 128.50, 0.00, 0.00, 128.50),
(12, 'REVENDA', 'FINALIZADA', '2026-02-26 19:06:00', NULL, 19, 1, 'Prazo', 'Pedido de revenda', 426.50, 21.32, 0.00, 405.18),
(13, 'BALCAO', 'FINALIZADA', '2026-02-27 12:55:00', NULL, NULL, 2, 'Pix', 'Venda no balcão', 25.00, 0.00, 0.00, 25.00),
(14, 'DELIVERY', 'CANCELADA', '2026-02-27 12:10:00', 14, NULL, 2, 'Cartao', 'Pedido delivery', 112.30, 0.00, 5.00, 117.30),
(15, 'REVENDA', 'FINALIZADA', '2026-02-27 12:18:00', NULL, 22, 2, 'Dinheiro', 'Pedido de revenda', 3.50, 0.18, 0.00, 3.32),
(16, 'REVENDA', 'FINALIZADA', '2026-02-27 17:10:00', NULL, 19, 2, 'Dinheiro', 'Pedido de revenda', 51.80, 5.18, 0.00, 46.62),
(17, 'BALCAO', 'FINALIZADA', '2026-02-27 15:07:00', NULL, NULL, 2, 'Cartao', 'Venda no balcão', 97.00, 0.00, 0.00, 97.00),
(18, 'BALCAO', 'FINALIZADA', '2026-02-27 13:13:00', 11, NULL, 2, 'Dinheiro', 'Venda no balcão', 84.00, 0.00, 0.00, 84.00),
(19, 'DELIVERY', 'FINALIZADA', '2026-02-27 18:36:00', 4, NULL, 2, 'Pix', 'Pedido delivery', 58.50, 0.00, 4.00, 62.50),
(20, 'REVENDA', 'FINALIZADA', '2026-02-27 19:33:00', NULL, 19, 2, 'Prazo', 'Pedido de revenda', 100.50, 10.05, 0.00, 90.45),
(21, 'BALCAO', 'FINALIZADA', '2026-02-27 18:13:00', 7, NULL, 2, 'Cartao', 'Venda no balcão', 67.40, 0.00, 0.00, 67.40),
(22, 'BALCAO', 'FINALIZADA', '2026-02-27 11:40:00', NULL, NULL, 2, 'Dinheiro', 'Venda no balcão', 70.00, 0.00, 0.00, 70.00),
(23, 'BALCAO', 'FINALIZADA', '2026-02-27 11:02:00', 2, NULL, 2, 'Pix', 'Venda no balcão', 22.50, 0.00, 0.00, 22.50),
(24, 'DELIVERY', 'FINALIZADA', '2026-02-27 18:47:00', 5, NULL, 2, 'Pix', 'Pedido delivery', 135.60, 0.00, 4.00, 139.60),
(25, 'BALCAO', 'FINALIZADA', '2026-02-28 10:24:00', NULL, NULL, 3, 'Pix', 'Venda no balcão', 123.10, 0.00, 0.00, 123.10),
(26, 'DELIVERY', 'FINALIZADA', '2026-02-28 09:42:00', 7, NULL, 3, 'Cartao', 'Pedido delivery', 98.50, 0.00, 5.00, 103.50),
(27, 'BALCAO', 'CANCELADA', '2026-02-28 09:06:00', 12, NULL, 3, 'Cartao', 'Venda no balcão', 188.50, 0.00, 0.00, 188.50),
(28, 'BALCAO', 'FINALIZADA', '2026-02-28 17:59:00', NULL, NULL, 3, 'Cartao', 'Venda no balcão', 91.70, 0.00, 0.00, 91.70),
(29, 'REVENDA', 'FINALIZADA', '2026-02-28 13:32:00', NULL, 23, 3, 'Prazo', 'Pedido de revenda', 308.10, 24.65, 0.00, 283.45),
(30, 'REVENDA', 'FINALIZADA', '2026-02-28 20:57:00', NULL, 21, 3, 'Prazo', 'Pedido de revenda', 141.00, 7.05, 0.00, 133.95),
(31, 'BALCAO', 'FINALIZADA', '2026-02-28 19:20:00', 15, NULL, 3, 'Cartao', 'Venda no balcão', 51.50, 0.00, 0.00, 51.50),
(32, 'REVENDA', 'FINALIZADA', '2026-02-28 10:52:00', NULL, 22, 3, 'Prazo', 'Pedido de revenda', 30.40, 1.52, 0.00, 28.88),
(33, 'DELIVERY', 'FINALIZADA', '2026-02-28 10:29:00', 14, NULL, 3, 'Dinheiro', 'Pedido delivery', 98.00, 0.00, 4.00, 102.00),
(34, 'BALCAO', 'CANCELADA', '2026-02-28 17:29:00', 8, NULL, 3, 'Dinheiro', 'Venda no balcão', 287.50, 0.00, 0.00, 287.50),
(35, 'DELIVERY', 'FINALIZADA', '2026-02-28 20:57:00', 17, NULL, 3, 'Cartao', 'Pedido delivery', 194.60, 0.00, 6.00, 200.60),
(36, 'REVENDA', 'FINALIZADA', '2026-02-28 14:20:00', NULL, 20, 3, 'Pix', 'Pedido de revenda', 223.50, 11.18, 0.00, 212.32),
(37, 'BALCAO', 'FINALIZADA', '2026-03-01 17:29:00', 7, NULL, 4, 'Pix', 'Venda no balcão', 131.50, 0.00, 0.00, 131.50),
(38, 'BALCAO', 'FINALIZADA', '2026-03-01 15:34:00', 18, NULL, 4, 'Cartao', 'Venda no balcão', 71.50, 0.00, 0.00, 71.50),
(39, 'BALCAO', 'FINALIZADA', '2026-03-01 15:46:00', 15, NULL, 4, 'Dinheiro', 'Venda no balcão', 92.50, 0.00, 0.00, 92.50),
(40, 'BALCAO', 'FINALIZADA', '2026-03-01 11:55:00', 2, NULL, 4, 'Pix', 'Venda no balcão', 172.10, 0.00, 0.00, 172.10),
(41, 'BALCAO', 'FINALIZADA', '2026-03-01 17:03:00', NULL, NULL, 4, 'Pix', 'Venda no balcão', 23.00, 0.00, 0.00, 23.00),
(42, 'BALCAO', 'FINALIZADA', '2026-03-01 11:15:00', 4, NULL, 4, 'Cartao', 'Venda no balcão', 138.00, 0.00, 0.00, 138.00),
(43, 'REVENDA', 'FINALIZADA', '2026-03-01 10:49:00', NULL, 21, 4, 'Dinheiro', 'Pedido de revenda', 22.50, 2.25, 0.00, 20.25),
(44, 'REVENDA', 'CANCELADA', '2026-03-01 15:45:00', NULL, 22, 4, 'Pix', 'Pedido de revenda', 181.50, 18.15, 0.00, 163.35),
(45, 'DELIVERY', 'FINALIZADA', '2026-03-01 18:50:00', 2, NULL, 4, 'Cartao', 'Pedido delivery', 133.00, 0.00, 4.00, 137.00),
(46, 'BALCAO', 'FINALIZADA', '2026-03-01 19:17:00', 18, NULL, 4, 'Pix', 'Venda no balcão', 120.00, 0.00, 0.00, 120.00),
(47, 'BALCAO', 'FINALIZADA', '2026-03-01 18:39:00', 11, NULL, 4, 'Dinheiro', 'Venda no balcão', 76.50, 0.00, 0.00, 76.50),
(48, 'REVENDA', 'FINALIZADA', '2026-03-01 09:33:00', NULL, 22, 4, 'Pix', 'Pedido de revenda', 611.50, 48.92, 0.00, 562.58),
(49, 'BALCAO', 'FINALIZADA', '2026-03-02 13:14:00', 8, NULL, 5, 'Pix', 'Venda no balcão', 281.50, 0.00, 0.00, 281.50),
(50, 'REVENDA', 'FINALIZADA', '2026-03-02 13:14:00', NULL, 20, 5, 'Prazo', 'Pedido de revenda', 180.00, 9.00, 0.00, 171.00),
(51, 'REVENDA', 'FINALIZADA', '2026-03-02 18:48:00', NULL, 23, 5, 'Dinheiro', 'Pedido de revenda', 154.50, 12.36, 0.00, 142.14),
(52, 'BALCAO', 'FINALIZADA', '2026-03-02 13:02:00', NULL, NULL, 5, 'Cartao', 'Venda no balcão', 109.60, 0.00, 0.00, 109.60),
(53, 'BALCAO', 'FINALIZADA', '2026-03-02 11:03:00', 16, NULL, 5, 'Dinheiro', 'Venda no balcão', 74.00, 3.50, 0.00, 70.50),
(54, 'REVENDA', 'FINALIZADA', '2026-03-02 18:19:00', NULL, 20, 5, 'Dinheiro', 'Pedido de revenda', 65.00, 6.50, 0.00, 58.50),
(55, 'DELIVERY', 'FINALIZADA', '2026-03-02 17:24:00', 15, NULL, 5, 'Cartao', 'Pedido delivery', 172.40, 0.00, 6.00, 178.40),
(56, 'REVENDA', 'FINALIZADA', '2026-03-02 11:35:00', NULL, 20, 5, 'Pix', 'Pedido de revenda', 326.00, 32.60, 0.00, 293.40),
(57, 'BALCAO', 'FINALIZADA', '2026-03-02 10:43:00', 9, NULL, 5, 'Cartao', 'Venda no balcão', 42.50, 0.00, 0.00, 42.50),
(58, 'DELIVERY', 'FINALIZADA', '2026-03-02 10:03:00', 6, NULL, 5, 'Cartao', 'Pedido delivery', 152.00, 0.00, 6.00, 158.00),
(59, 'DELIVERY', 'FINALIZADA', '2026-03-02 18:16:00', 1, NULL, 5, 'Pix', 'Pedido delivery', 106.00, 0.00, 4.00, 110.00),
(60, 'DELIVERY', 'FINALIZADA', '2026-03-02 18:27:00', 16, NULL, 5, 'Pix', 'Pedido delivery', 169.50, 0.00, 6.00, 175.50),
(61, 'BALCAO', 'FINALIZADA', '2026-03-03 13:20:00', 13, NULL, 6, 'Cartao', 'Venda no balcão', 128.00, 3.50, 0.00, 124.50),
(62, 'BALCAO', 'FINALIZADA', '2026-03-03 19:28:00', NULL, NULL, 6, 'Dinheiro', 'Venda no balcão', 244.10, 3.50, 0.00, 240.60),
(63, 'REVENDA', 'FINALIZADA', '2026-03-03 11:19:00', NULL, 19, 6, 'Prazo', 'Pedido de revenda', 24.00, 1.92, 0.00, 22.08),
(64, 'DELIVERY', 'FINALIZADA', '2026-03-03 11:31:00', 10, NULL, 6, 'Dinheiro', 'Pedido delivery', 107.00, 0.00, 6.00, 113.00),
(65, 'REVENDA', 'FINALIZADA', '2026-03-03 10:17:00', NULL, 25, 6, 'Pix', 'Pedido de revenda', 411.50, 41.15, 0.00, 370.35),
(66, 'BALCAO', 'FINALIZADA', '2026-03-03 17:30:00', 18, NULL, 6, 'Cartao', 'Venda no balcão', 261.10, 0.00, 0.00, 261.10),
(67, 'BALCAO', 'FINALIZADA', '2026-03-03 16:45:00', NULL, NULL, 6, 'Pix', 'Venda no balcão', 202.50, 0.00, 0.00, 202.50),
(68, 'BALCAO', 'FINALIZADA', '2026-03-03 16:00:00', 14, NULL, 6, 'Cartao', 'Venda no balcão', 49.50, 0.00, 0.00, 49.50),
(69, 'BALCAO', 'FINALIZADA', '2026-03-03 14:54:00', 18, NULL, 6, 'Pix', 'Venda no balcão', 67.00, 0.00, 0.00, 67.00),
(70, 'REVENDA', 'FINALIZADA', '2026-03-03 12:47:00', NULL, 20, 6, 'Prazo', 'Pedido de revenda', 44.00, 2.20, 0.00, 41.80),
(71, 'REVENDA', 'FINALIZADA', '2026-03-03 09:20:00', NULL, 19, 6, 'Pix', 'Pedido de revenda', 145.00, 14.50, 0.00, 130.50),
(72, 'DELIVERY', 'FINALIZADA', '2026-03-03 10:39:00', 13, NULL, 6, 'Dinheiro', 'Pedido delivery', 146.50, 0.00, 4.00, 150.50),
(73, 'DELIVERY', 'FINALIZADA', '2026-03-04 13:43:00', 18, NULL, 7, 'Pix', 'Pedido delivery', 96.00, 0.00, 6.00, 102.00),
(74, 'DELIVERY', 'FINALIZADA', '2026-03-04 15:54:00', 16, NULL, 7, 'Pix', 'Pedido delivery', 170.50, 0.00, 5.00, 175.50),
(75, 'BALCAO', 'FINALIZADA', '2026-03-04 19:49:00', 2, NULL, 7, 'Cartao', 'Venda no balcão', 245.50, 0.00, 0.00, 245.50),
(76, 'REVENDA', 'FINALIZADA', '2026-03-04 19:43:00', NULL, 21, 7, 'Prazo', 'Pedido de revenda', 184.00, 9.20, 0.00, 174.80),
(77, 'BALCAO', 'FINALIZADA', '2026-03-04 10:58:00', 14, NULL, 7, 'Dinheiro', 'Venda no balcão', 180.00, 0.00, 0.00, 180.00),
(78, 'DELIVERY', 'FINALIZADA', '2026-03-04 13:58:00', 16, NULL, 7, 'Cartao', 'Pedido delivery', 55.00, 0.00, 6.00, 61.00),
(79, 'BALCAO', 'FINALIZADA', '2026-03-04 14:43:00', 9, NULL, 7, 'Cartao', 'Venda no balcão', 106.00, 0.00, 0.00, 106.00),
(80, 'REVENDA', 'FINALIZADA', '2026-03-04 19:52:00', NULL, 26, 7, 'Dinheiro', 'Pedido de revenda', 34.00, 2.72, 0.00, 31.28),
(81, 'BALCAO', 'FINALIZADA', '2026-03-04 17:08:00', 12, NULL, 7, 'Cartao', 'Venda no balcão', 296.40, 0.00, 0.00, 296.40),
(82, 'BALCAO', 'FINALIZADA', '2026-03-04 12:28:00', 8, NULL, 7, 'Pix', 'Venda no balcão', 70.00, 0.00, 0.00, 70.00),
(83, 'REVENDA', 'FINALIZADA', '2026-03-04 13:12:00', NULL, 20, 7, 'Dinheiro', 'Pedido de revenda', 122.00, 9.76, 0.00, 112.24),
(84, 'BALCAO', 'FINALIZADA', '2026-03-04 18:13:00', 18, NULL, 7, 'Dinheiro', 'Venda no balcão', 153.50, 1.00, 0.00, 152.50),
(85, 'DELIVERY', 'FINALIZADA', '2026-03-05 11:07:00', 1, NULL, 8, 'Pix', 'Pedido delivery', 28.00, 0.00, 6.00, 34.00),
(86, 'BALCAO', 'FINALIZADA', '2026-03-05 10:47:00', 15, NULL, 8, 'Pix', 'Venda no balcão', 160.00, 0.00, 0.00, 160.00),
(87, 'REVENDA', 'FINALIZADA', '2026-03-05 19:33:00', NULL, 23, 8, 'Prazo', 'Pedido de revenda', 40.00, 3.20, 0.00, 36.80),
(88, 'BALCAO', 'FINALIZADA', '2026-03-05 20:58:00', 3, NULL, 8, 'Pix', 'Venda no balcão', 96.00, 0.00, 0.00, 96.00),
(89, 'BALCAO', 'FINALIZADA', '2026-03-05 18:33:00', 17, NULL, 8, 'Cartao', 'Venda no balcão', 140.50, 0.00, 0.00, 140.50),
(90, 'BALCAO', 'FINALIZADA', '2026-03-05 15:26:00', 11, NULL, 8, 'Pix', 'Venda no balcão', 102.40, 0.00, 0.00, 102.40),
(91, 'BALCAO', 'FINALIZADA', '2026-03-05 20:23:00', NULL, NULL, 8, 'Cartao', 'Venda no balcão', 3.50, 0.00, 0.00, 3.50),
(92, 'DELIVERY', 'CANCELADA', '2026-03-05 15:55:00', 2, NULL, 8, 'Cartao', 'Pedido delivery', 126.00, 0.00, 6.00, 132.00),
(93, 'DELIVERY', 'FINALIZADA', '2026-03-05 13:36:00', 8, NULL, 8, 'Cartao', 'Pedido delivery', 18.00, 0.00, 4.00, 22.00),
(94, 'BALCAO', 'FINALIZADA', '2026-03-05 18:42:00', 5, NULL, 8, 'Cartao', 'Venda no balcão', 22.50, 0.00, 0.00, 22.50),
(95, 'BALCAO', 'FINALIZADA', '2026-03-05 14:19:00', 3, NULL, 8, 'Dinheiro', 'Venda no balcão', 148.00, 0.00, 0.00, 148.00),
(96, 'BALCAO', 'FINALIZADA', '2026-03-05 16:38:00', 9, NULL, 8, 'Dinheiro', 'Venda no balcão', 56.00, 3.50, 0.00, 52.50),
(97, 'REVENDA', 'FINALIZADA', '2026-03-06 19:19:00', NULL, 19, 9, 'Pix', 'Pedido de revenda', 18.00, 1.44, 0.00, 16.56),
(98, 'DELIVERY', 'FINALIZADA', '2026-03-06 13:18:00', 11, NULL, 9, 'Pix', 'Pedido delivery', 66.00, 0.00, 4.00, 70.00),
(99, 'BALCAO', 'FINALIZADA', '2026-03-06 14:04:00', 2, NULL, 9, 'Pix', 'Venda no balcão', 32.00, 0.00, 0.00, 32.00),
(100, 'BALCAO', 'FINALIZADA', '2026-03-06 20:40:00', 4, NULL, 9, 'Pix', 'Venda no balcão', 7.00, 0.00, 0.00, 7.00),
(101, 'REVENDA', 'FINALIZADA', '2026-03-06 14:05:00', NULL, 25, 9, 'Dinheiro', 'Pedido de revenda', 252.50, 12.62, 0.00, 239.88),
(102, 'BALCAO', 'FINALIZADA', '2026-03-06 14:14:00', 6, NULL, 9, 'Dinheiro', 'Venda no balcão', 77.70, 0.00, 0.00, 77.70),
(103, 'DELIVERY', 'FINALIZADA', '2026-03-06 11:15:00', 4, NULL, 9, 'Pix', 'Pedido delivery', 102.30, 0.00, 6.00, 108.30),
(104, 'BALCAO', 'CANCELADA', '2026-03-06 18:41:00', 11, NULL, 9, 'Cartao', 'Venda no balcão', 162.60, 0.00, 0.00, 162.60),
(105, 'REVENDA', 'FINALIZADA', '2026-03-06 10:19:00', NULL, 26, 9, 'Prazo', 'Pedido de revenda', 70.00, 3.50, 0.00, 66.50),
(106, 'REVENDA', 'CANCELADA', '2026-03-06 10:39:00', NULL, 25, 9, 'Prazo', 'Pedido de revenda', 320.00, 32.00, 0.00, 288.00),
(107, 'BALCAO', 'FINALIZADA', '2026-03-06 17:09:00', NULL, NULL, 9, 'Pix', 'Venda no balcão', 3.50, 0.00, 0.00, 3.50),
(108, 'BALCAO', 'FINALIZADA', '2026-03-06 16:28:00', 6, NULL, 9, 'Pix', 'Venda no balcão', 230.50, 0.00, 0.00, 230.50),
(109, 'REVENDA', 'FINALIZADA', '2026-03-07 10:35:00', NULL, 25, 10, 'Pix', 'Pedido de revenda', 90.00, 4.50, 0.00, 85.50),
(110, 'DELIVERY', 'FINALIZADA', '2026-03-07 19:44:00', 13, NULL, 10, 'Pix', 'Pedido delivery', 115.00, 0.00, 5.00, 120.00),
(111, 'BALCAO', 'FINALIZADA', '2026-03-07 17:23:00', 10, NULL, 10, 'Dinheiro', 'Venda no balcão', 51.00, 0.00, 0.00, 51.00),
(112, 'BALCAO', 'FINALIZADA', '2026-03-07 10:32:00', NULL, NULL, 10, 'Cartao', 'Venda no balcão', 17.50, 2.00, 0.00, 15.50),
(113, 'BALCAO', 'FINALIZADA', '2026-03-07 20:49:00', 6, NULL, 10, 'Cartao', 'Venda no balcão', 253.60, 0.00, 0.00, 253.60),
(114, 'DELIVERY', 'FINALIZADA', '2026-03-07 12:19:00', 16, NULL, 10, 'Pix', 'Pedido delivery', 236.50, 0.00, 6.00, 242.50),
(115, 'BALCAO', 'FINALIZADA', '2026-03-07 19:30:00', NULL, NULL, 10, 'Cartao', 'Venda no balcão', 16.50, 1.00, 0.00, 15.50),
(116, 'BALCAO', 'FINALIZADA', '2026-03-07 11:53:00', 8, NULL, 10, 'Pix', 'Venda no balcão', 197.00, 0.00, 0.00, 197.00),
(117, 'DELIVERY', 'FINALIZADA', '2026-03-07 09:20:00', 4, NULL, 10, 'Dinheiro', 'Pedido delivery', 101.70, 0.00, 6.00, 107.70),
(118, 'BALCAO', 'FINALIZADA', '2026-03-07 11:35:00', NULL, NULL, 10, 'Cartao', 'Venda no balcão', 92.90, 0.00, 0.00, 92.90),
(119, 'DELIVERY', 'FINALIZADA', '2026-03-07 10:53:00', 16, NULL, 10, 'Dinheiro', 'Pedido delivery', 24.00, 0.00, 5.00, 29.00),
(120, 'BALCAO', 'FINALIZADA', '2026-03-07 19:05:00', 12, NULL, 10, 'Dinheiro', 'Venda no balcão', 74.00, 2.00, 0.00, 72.00);
INSERT INTO vendas_itens (id, venda_id, produto_id, qtd, unitario, total) VALUES
(1, 1, 6, 5, 25.90, 129.50),
(2, 2, 2, 3, 5.00, 15.00),
(3, 2, 13, 4, 18.50, 74.00),
(4, 3, 5, 5, 24.90, 124.50),
(5, 3, 16, 5, 16.50, 82.50),
(6, 3, 3, 3, 4.50, 13.50),
(7, 3, 4, 5, 5.50, 27.50),
(8, 4, 4, 3, 5.50, 16.50),
(9, 5, 1, 1, 4.50, 4.50),
(10, 5, 11, 5, 3.50, 17.50),
(11, 5, 12, 3, 14.00, 42.00),
(12, 6, 4, 3, 5.50, 16.50),
(13, 6, 14, 5, 6.50, 32.50),
(14, 7, 16, 3, 16.50, 49.50),
(15, 7, 1, 3, 4.50, 13.50),
(16, 7, 2, 2, 5.00, 10.00),
(17, 8, 5, 4, 24.90, 99.60),
(18, 8, 11, 5, 3.50, 17.50),
(19, 9, 13, 3, 18.50, 55.50),
(20, 9, 11, 4, 3.50, 14.00),
(21, 9, 15, 5, 32.00, 160.00),
(22, 10, 2, 3, 5.00, 15.00),
(23, 11, 14, 4, 6.50, 26.00),
(24, 11, 4, 3, 5.50, 16.50),
(25, 11, 2, 4, 5.00, 20.00),
(26, 11, 16, 4, 16.50, 66.00),
(27, 12, 4, 4, 5.50, 22.00),
(28, 12, 16, 9, 16.50, 148.50),
(29, 12, 15, 8, 32.00, 256.00),
(30, 13, 2, 5, 5.00, 25.00),
(31, 14, 7, 2, 25.90, 51.80),
(32, 14, 14, 4, 6.50, 26.00),
(33, 14, 16, 1, 16.50, 16.50),
(34, 14, 1, 4, 4.50, 18.00),
(35, 15, 11, 1, 3.50, 3.50),
(36, 16, 6, 2, 25.90, 51.80),
(37, 17, 2, 1, 5.00, 5.00),
(38, 17, 10, 4, 23.00, 92.00),
(39, 18, 13, 3, 18.50, 55.50),
(40, 18, 3, 4, 4.50, 18.00),
(41, 18, 11, 3, 3.50, 10.50),
(42, 19, 9, 3, 18.00, 54.00),
(43, 19, 3, 1, 4.50, 4.50),
(44, 20, 4, 5, 5.50, 27.50),
(45, 20, 15, 2, 32.00, 64.00),
(46, 20, 3, 2, 4.50, 9.00),
(47, 21, 16, 1, 16.50, 16.50),
(48, 21, 5, 1, 24.90, 24.90),
(49, 21, 14, 4, 6.50, 26.00),
(50, 22, 14, 1, 6.50, 6.50),
(51, 22, 9, 2, 18.00, 36.00),
(52, 22, 1, 5, 4.50, 22.50),
(53, 22, 2, 1, 5.00, 5.00),
(54, 23, 8, 1, 12.00, 12.00),
(55, 23, 11, 3, 3.50, 10.50),
(56, 24, 6, 4, 25.90, 103.60),
(57, 24, 15, 1, 32.00, 32.00),
(58, 25, 7, 4, 25.90, 103.60),
(59, 25, 14, 3, 6.50, 19.50),
(60, 26, 9, 3, 18.00, 54.00),
(61, 26, 14, 3, 6.50, 19.50),
(62, 26, 2, 5, 5.00, 25.00),
(63, 27, 14, 1, 6.50, 6.50),
(64, 27, 10, 4, 23.00, 92.00),
(65, 27, 9, 5, 18.00, 90.00),
(66, 28, 12, 1, 14.00, 14.00),
(67, 28, 7, 3, 25.90, 77.70),
(68, 29, 13, 9, 18.50, 166.50),
(69, 29, 12, 3, 14.00, 42.00),
(70, 29, 5, 4, 24.90, 99.60),
(71, 30, 13, 1, 18.50, 18.50),
(72, 30, 9, 5, 18.00, 90.00),
(73, 30, 14, 5, 6.50, 32.50),
(74, 31, 16, 2, 16.50, 33.00),
(75, 31, 13, 1, 18.50, 18.50),
(76, 32, 7, 1, 25.90, 25.90),
(77, 32, 3, 1, 4.50, 4.50),
(78, 33, 13, 4, 18.50, 74.00),
(79, 33, 8, 2, 12.00, 24.00),
(80, 34, 5, 5, 24.90, 124.50),
(81, 34, 13, 5, 18.50, 92.50),
(82, 34, 8, 5, 12.00, 60.00),
(83, 34, 11, 3, 3.50, 10.50),
(84, 35, 6, 4, 25.90, 103.60),
(85, 35, 12, 3, 14.00, 42.00),
(86, 35, 14, 2, 6.50, 13.00),
(87, 35, 8, 3, 12.00, 36.00),
(88, 36, 13, 3, 18.50, 55.50),
(89, 36, 12, 12, 14.00, 168.00),
(90, 37, 1, 4, 4.50, 18.00),
(91, 37, 14, 4, 6.50, 26.00),
(92, 37, 13, 1, 18.50, 18.50),
(93, 37, 10, 3, 23.00, 69.00),
(94, 38, 16, 3, 16.50, 49.50),
(95, 38, 4, 4, 5.50, 22.00),
(96, 39, 13, 5, 18.50, 92.50),
(97, 40, 11, 3, 3.50, 10.50),
(98, 40, 4, 4, 5.50, 22.00),
(99, 40, 8, 3, 12.00, 36.00),
(100, 40, 6, 4, 25.90, 103.60),
(101, 41, 3, 1, 4.50, 4.50),
(102, 41, 13, 1, 18.50, 18.50),
(103, 42, 15, 3, 32.00, 96.00),
(104, 42, 12, 3, 14.00, 42.00),
(105, 43, 1, 5, 4.50, 22.50),
(106, 44, 4, 5, 5.50, 27.50),
(107, 44, 12, 11, 14.00, 154.00),
(108, 45, 12, 3, 14.00, 42.00),
(109, 45, 2, 1, 5.00, 5.00),
(110, 45, 9, 4, 18.00, 72.00),
(111, 45, 11, 4, 3.50, 14.00),
(112, 46, 14, 3, 6.50, 19.50),
(113, 46, 16, 3, 16.50, 49.50),
(114, 46, 12, 2, 14.00, 28.00),
(115, 46, 10, 1, 23.00, 23.00),
(116, 47, 11, 3, 3.50, 10.50),
(117, 47, 3, 3, 4.50, 13.50),
(118, 47, 8, 3, 12.00, 36.00),
(119, 47, 4, 3, 5.50, 16.50),
(120, 48, 16, 12, 16.50, 198.00),
(121, 48, 9, 8, 18.00, 144.00),
(122, 48, 13, 11, 18.50, 203.50),
(123, 48, 4, 12, 5.50, 66.00),
(124, 49, 16, 3, 16.50, 49.50),
(125, 49, 9, 4, 18.00, 72.00),
(126, 49, 15, 5, 32.00, 160.00),
(127, 50, 4, 12, 5.50, 66.00),
(128, 50, 12, 3, 14.00, 42.00),
(129, 50, 9, 4, 18.00, 72.00),
(130, 51, 10, 6, 23.00, 138.00),
(131, 51, 4, 3, 5.50, 16.50),
(132, 52, 5, 4, 24.90, 99.60),
(133, 52, 11, 1, 3.50, 3.50),
(134, 52, 14, 1, 6.50, 6.50),
(135, 53, 13, 4, 18.50, 74.00),
(136, 54, 14, 10, 6.50, 65.00),
(137, 55, 14, 5, 6.50, 32.50),
(138, 55, 5, 1, 24.90, 24.90),
(139, 55, 10, 5, 23.00, 115.00),
(140, 56, 15, 5, 32.00, 160.00),
(141, 56, 12, 1, 14.00, 14.00),
(142, 56, 10, 4, 23.00, 92.00),
(143, 56, 8, 5, 12.00, 60.00),
(144, 57, 14, 5, 6.50, 32.50),
(145, 57, 2, 2, 5.00, 10.00),
(146, 58, 15, 3, 32.00, 96.00),
(147, 58, 2, 4, 5.00, 20.00),
(148, 58, 8, 3, 12.00, 36.00),
(149, 59, 1, 3, 4.50, 13.50),
(150, 59, 13, 5, 18.50, 92.50),
(151, 60, 12, 1, 14.00, 14.00),
(152, 60, 7, 2, 25.90, 51.80),
(153, 60, 6, 3, 25.90, 77.70),
(154, 60, 14, 4, 6.50, 26.00),
(155, 61, 15, 4, 32.00, 128.00),
(156, 62, 5, 4, 24.90, 99.60),
(157, 62, 15, 4, 32.00, 128.00),
(158, 62, 16, 1, 16.50, 16.50),
(159, 63, 8, 2, 12.00, 24.00),
(160, 64, 14, 4, 6.50, 26.00),
(161, 64, 16, 2, 16.50, 33.00),
(162, 64, 8, 4, 12.00, 48.00),
(163, 65, 1, 5, 4.50, 22.50),
(164, 65, 5, 10, 24.90, 249.00),
(165, 65, 12, 10, 14.00, 140.00),
(166, 66, 15, 2, 32.00, 64.00),
(167, 66, 16, 5, 16.50, 82.50),
(168, 66, 6, 4, 25.90, 103.60),
(169, 66, 4, 2, 5.50, 11.00),
(170, 67, 5, 5, 24.90, 124.50),
(171, 67, 8, 5, 12.00, 60.00),
(172, 67, 1, 3, 4.50, 13.50),
(173, 67, 3, 1, 4.50, 4.50),
(174, 68, 3, 3, 4.50, 13.50),
(175, 68, 8, 3, 12.00, 36.00),
(176, 69, 16, 1, 16.50, 16.50),
(177, 69, 14, 5, 6.50, 32.50),
(178, 69, 9, 1, 18.00, 18.00),
(179, 70, 4, 8, 5.50, 44.00),
(180, 71, 14, 9, 6.50, 58.50),
(181, 71, 3, 7, 4.50, 31.50),
(182, 71, 4, 10, 5.50, 55.00),
(183, 72, 16, 5, 16.50, 82.50),
(184, 72, 15, 2, 32.00, 64.00),
(185, 73, 15, 3, 32.00, 96.00),
(186, 74, 13, 3, 18.50, 55.50),
(187, 74, 10, 5, 23.00, 115.00),
(188, 75, 10, 5, 23.00, 115.00),
(189, 75, 13, 3, 18.50, 55.50),
(190, 75, 15, 2, 32.00, 64.00),
(191, 75, 4, 2, 5.50, 11.00),
(192, 76, 10, 8, 23.00, 184.00),
(193, 77, 5, 5, 24.90, 124.50),
(194, 77, 13, 3, 18.50, 55.50),
(195, 78, 4, 2, 5.50, 11.00),
(196, 78, 8, 2, 12.00, 24.00),
(197, 78, 2, 4, 5.00, 20.00),
(198, 79, 12, 4, 14.00, 56.00),
(199, 79, 2, 1, 5.00, 5.00),
(200, 79, 11, 5, 3.50, 17.50);

INSERT INTO vendas_itens (id, venda_id, produto_id, qtd, unitario, total) VALUES
(201, 79, 4, 5, 5.50, 27.50),
(202, 80, 14, 1, 6.50, 6.50),
(203, 80, 2, 1, 5.00, 5.00),
(204, 80, 3, 5, 4.50, 22.50),
(205, 81, 5, 1, 24.90, 24.90),
(206, 81, 15, 4, 32.00, 128.00),
(207, 81, 7, 5, 25.90, 129.50),
(208, 81, 11, 4, 3.50, 14.00),
(209, 82, 12, 5, 14.00, 70.00),
(210, 83, 3, 11, 4.50, 49.50),
(211, 83, 11, 10, 3.50, 35.00),
(212, 83, 4, 1, 5.50, 5.50),
(213, 83, 15, 1, 32.00, 32.00),
(214, 84, 8, 2, 12.00, 24.00),
(215, 84, 6, 5, 25.90, 129.50),
(216, 85, 12, 2, 14.00, 28.00),
(217, 86, 15, 5, 32.00, 160.00),
(218, 87, 2, 8, 5.00, 40.00),
(219, 88, 3, 3, 4.50, 13.50),
(220, 88, 16, 5, 16.50, 82.50),
(221, 89, 4, 5, 5.50, 27.50),
(222, 89, 13, 2, 18.50, 37.00),
(223, 89, 12, 4, 14.00, 56.00),
(224, 89, 2, 4, 5.00, 20.00),
(225, 90, 9, 4, 18.00, 72.00),
(226, 90, 6, 1, 25.90, 25.90),
(227, 90, 3, 1, 4.50, 4.50),
(228, 91, 11, 1, 3.50, 3.50),
(229, 92, 12, 5, 14.00, 70.00),
(230, 92, 2, 2, 5.00, 10.00),
(231, 92, 10, 2, 23.00, 46.00),
(232, 93, 9, 1, 18.00, 18.00),
(233, 94, 3, 5, 4.50, 22.50),
(234, 95, 6, 5, 25.90, 129.50),
(235, 95, 13, 1, 18.50, 18.50),
(236, 96, 12, 4, 14.00, 56.00),
(237, 97, 1, 4, 4.50, 18.00),
(238, 98, 16, 4, 16.50, 66.00),
(239, 99, 15, 1, 32.00, 32.00),
(240, 100, 11, 2, 3.50, 7.00),
(241, 101, 14, 7, 6.50, 45.50),
(242, 101, 10, 9, 23.00, 207.00),
(243, 102, 7, 3, 25.90, 77.70),
(244, 103, 7, 2, 25.90, 51.80),
(245, 103, 3, 1, 4.50, 4.50),
(246, 103, 10, 2, 23.00, 46.00),
(247, 104, 5, 4, 24.90, 99.60),
(248, 104, 8, 4, 12.00, 48.00),
(249, 104, 2, 3, 5.00, 15.00),
(250, 105, 12, 5, 14.00, 70.00),
(251, 106, 15, 10, 32.00, 320.00),
(252, 107, 11, 1, 3.50, 3.50),
(253, 108, 10, 3, 23.00, 69.00),
(254, 108, 7, 5, 25.90, 129.50),
(255, 108, 15, 1, 32.00, 32.00),
(256, 109, 11, 10, 3.50, 35.00),
(257, 109, 2, 11, 5.00, 55.00),
(258, 110, 10, 5, 23.00, 115.00),
(259, 111, 11, 4, 3.50, 14.00),
(260, 111, 13, 2, 18.50, 37.00),
(261, 112, 11, 5, 3.50, 17.50),
(262, 113, 2, 2, 5.00, 10.00),
(263, 113, 7, 4, 25.90, 103.60),
(264, 113, 6, 5, 25.90, 129.50),
(265, 113, 11, 3, 3.50, 10.50),
(266, 114, 15, 3, 32.00, 96.00),
(267, 114, 8, 4, 12.00, 48.00),
(268, 114, 13, 5, 18.50, 92.50),
(269, 115, 4, 3, 5.50, 16.50),
(270, 116, 1, 4, 4.50, 18.00),
(271, 116, 7, 5, 25.90, 129.50),
(272, 116, 16, 3, 16.50, 49.50),
(273, 117, 5, 3, 24.90, 74.70),
(274, 117, 3, 4, 4.50, 18.00),
(275, 117, 1, 2, 4.50, 9.00),
(276, 118, 4, 3, 5.50, 16.50),
(277, 118, 13, 1, 18.50, 18.50),
(278, 118, 5, 1, 24.90, 24.90),
(279, 118, 16, 2, 16.50, 33.00),
(280, 119, 8, 2, 12.00, 24.00),
(281, 120, 13, 4, 18.50, 74.00);
INSERT INTO mov_fidelidade (id, cliente_id, acao, pontos, motivo, venda_id, usuario_id, data) VALUES
(1, 9, 'ADICIONAR', 130, 'Pontuação gerada pela venda #1', 1, NULL, '2026-02-26 11:24:00'),
(2, 11, 'ADICIONAR', 89, 'Pontuação gerada pela venda #2', 2, NULL, '2026-02-26 19:45:00'),
(3, 15, 'ADICIONAR', 64, 'Pontuação gerada pela venda #5', 5, NULL, '2026-02-26 18:05:00'),
(4, 9, 'ADICIONAR', 49, 'Pontuação gerada pela venda #6', 6, NULL, '2026-02-26 11:30:00'),
(5, 3, 'ADICIONAR', 117, 'Pontuação gerada pela venda #8', 8, NULL, '2026-02-26 16:53:00'),
(6, 2, 'ADICIONAR', 14, 'Pontuação gerada pela venda #10', 10, NULL, '2026-02-26 18:15:00'),
(7, 16, 'ADICIONAR', 128, 'Pontuação gerada pela venda #11', 11, NULL, '2026-02-26 17:09:00'),
(8, 11, 'ADICIONAR', 84, 'Pontuação gerada pela venda #18', 18, NULL, '2026-02-27 13:14:00'),
(9, 4, 'ADICIONAR', 58, 'Pontuação gerada pela venda #19', 19, NULL, '2026-02-27 18:37:00'),
(10, 7, 'ADICIONAR', 67, 'Pontuação gerada pela venda #21', 21, NULL, '2026-02-27 18:14:00'),
(11, 2, 'ADICIONAR', 22, 'Pontuação gerada pela venda #23', 23, NULL, '2026-02-27 11:03:00'),
(12, 5, 'ADICIONAR', 136, 'Pontuação gerada pela venda #24', 24, NULL, '2026-02-27 18:48:00'),
(13, 7, 'ADICIONAR', 98, 'Pontuação gerada pela venda #26', 26, NULL, '2026-02-28 09:43:00'),
(14, 15, 'ADICIONAR', 52, 'Pontuação gerada pela venda #31', 31, NULL, '2026-02-28 19:21:00'),
(15, 14, 'ADICIONAR', 98, 'Pontuação gerada pela venda #33', 33, NULL, '2026-02-28 10:30:00'),
(16, 17, 'ADICIONAR', 195, 'Pontuação gerada pela venda #35', 35, NULL, '2026-02-28 20:58:00'),
(17, 7, 'ADICIONAR', 132, 'Pontuação gerada pela venda #37', 37, NULL, '2026-03-01 17:30:00'),
(18, 18, 'ADICIONAR', 72, 'Pontuação gerada pela venda #38', 38, NULL, '2026-03-01 15:35:00'),
(19, 15, 'ADICIONAR', 92, 'Pontuação gerada pela venda #39', 39, NULL, '2026-03-01 15:47:00'),
(20, 2, 'ADICIONAR', 172, 'Pontuação gerada pela venda #40', 40, NULL, '2026-03-01 11:56:00'),
(21, 4, 'ADICIONAR', 138, 'Pontuação gerada pela venda #42', 42, NULL, '2026-03-01 11:16:00'),
(22, 2, 'ADICIONAR', 133, 'Pontuação gerada pela venda #45', 45, NULL, '2026-03-01 18:51:00'),
(23, 18, 'ADICIONAR', 120, 'Pontuação gerada pela venda #46', 46, NULL, '2026-03-01 19:18:00'),
(24, 11, 'ADICIONAR', 76, 'Pontuação gerada pela venda #47', 47, NULL, '2026-03-01 18:40:00'),
(25, 8, 'ADICIONAR', 282, 'Pontuação gerada pela venda #49', 49, NULL, '2026-03-02 13:15:00'),
(26, 16, 'ADICIONAR', 70, 'Pontuação gerada pela venda #53', 53, NULL, '2026-03-02 11:04:00'),
(27, 15, 'ADICIONAR', 172, 'Pontuação gerada pela venda #55', 55, NULL, '2026-03-02 17:25:00'),
(28, 9, 'ADICIONAR', 42, 'Pontuação gerada pela venda #57', 57, NULL, '2026-03-02 10:44:00'),
(29, 6, 'ADICIONAR', 152, 'Pontuação gerada pela venda #58', 58, NULL, '2026-03-02 10:04:00'),
(30, 1, 'ADICIONAR', 106, 'Pontuação gerada pela venda #59', 59, NULL, '2026-03-02 18:17:00'),
(31, 16, 'ADICIONAR', 170, 'Pontuação gerada pela venda #60', 60, NULL, '2026-03-02 18:28:00'),
(32, 13, 'ADICIONAR', 124, 'Pontuação gerada pela venda #61', 61, NULL, '2026-03-03 13:21:00'),
(33, 10, 'ADICIONAR', 107, 'Pontuação gerada pela venda #64', 64, NULL, '2026-03-03 11:32:00'),
(34, 18, 'ADICIONAR', 261, 'Pontuação gerada pela venda #66', 66, NULL, '2026-03-03 17:31:00'),
(35, 14, 'ADICIONAR', 50, 'Pontuação gerada pela venda #68', 68, NULL, '2026-03-03 16:01:00'),
(36, 18, 'ADICIONAR', 67, 'Pontuação gerada pela venda #69', 69, NULL, '2026-03-03 14:55:00'),
(37, 13, 'ADICIONAR', 146, 'Pontuação gerada pela venda #72', 72, NULL, '2026-03-03 10:40:00'),
(38, 18, 'ADICIONAR', 96, 'Pontuação gerada pela venda #73', 73, NULL, '2026-03-04 13:44:00'),
(39, 16, 'ADICIONAR', 170, 'Pontuação gerada pela venda #74', 74, NULL, '2026-03-04 15:55:00'),
(40, 2, 'ADICIONAR', 246, 'Pontuação gerada pela venda #75', 75, NULL, '2026-03-04 19:50:00'),
(41, 14, 'ADICIONAR', 180, 'Pontuação gerada pela venda #77', 77, NULL, '2026-03-04 10:59:00'),
(42, 16, 'ADICIONAR', 55, 'Pontuação gerada pela venda #78', 78, NULL, '2026-03-04 13:59:00'),
(43, 9, 'ADICIONAR', 106, 'Pontuação gerada pela venda #79', 79, NULL, '2026-03-04 14:44:00'),
(44, 12, 'ADICIONAR', 296, 'Pontuação gerada pela venda #81', 81, NULL, '2026-03-04 17:09:00'),
(45, 8, 'ADICIONAR', 70, 'Pontuação gerada pela venda #82', 82, NULL, '2026-03-04 12:29:00'),
(46, 18, 'ADICIONAR', 152, 'Pontuação gerada pela venda #84', 84, NULL, '2026-03-04 18:14:00'),
(47, 1, 'ADICIONAR', 28, 'Pontuação gerada pela venda #85', 85, NULL, '2026-03-05 11:08:00'),
(48, 15, 'ADICIONAR', 160, 'Pontuação gerada pela venda #86', 86, NULL, '2026-03-05 10:48:00'),
(49, 3, 'ADICIONAR', 96, 'Pontuação gerada pela venda #88', 88, NULL, '2026-03-05 20:59:00'),
(50, 17, 'ADICIONAR', 140, 'Pontuação gerada pela venda #89', 89, NULL, '2026-03-05 18:34:00'),
(51, 11, 'ADICIONAR', 102, 'Pontuação gerada pela venda #90', 90, NULL, '2026-03-05 15:27:00'),
(52, 8, 'ADICIONAR', 18, 'Pontuação gerada pela venda #93', 93, NULL, '2026-03-05 13:37:00'),
(53, 5, 'ADICIONAR', 22, 'Pontuação gerada pela venda #94', 94, NULL, '2026-03-05 18:43:00'),
(54, 3, 'ADICIONAR', 148, 'Pontuação gerada pela venda #95', 95, NULL, '2026-03-05 14:20:00'),
(55, 9, 'ADICIONAR', 52, 'Pontuação gerada pela venda #96', 96, NULL, '2026-03-05 16:39:00'),
(56, 11, 'ADICIONAR', 66, 'Pontuação gerada pela venda #98', 98, NULL, '2026-03-06 13:19:00'),
(57, 2, 'ADICIONAR', 32, 'Pontuação gerada pela venda #99', 99, NULL, '2026-03-06 14:05:00'),
(58, 4, 'ADICIONAR', 7, 'Pontuação gerada pela venda #100', 100, NULL, '2026-03-06 20:41:00'),
(59, 6, 'ADICIONAR', 78, 'Pontuação gerada pela venda #102', 102, NULL, '2026-03-06 14:15:00'),
(60, 4, 'ADICIONAR', 102, 'Pontuação gerada pela venda #103', 103, NULL, '2026-03-06 11:16:00'),
(61, 6, 'ADICIONAR', 230, 'Pontuação gerada pela venda #108', 108, NULL, '2026-03-06 16:29:00'),
(62, 13, 'ADICIONAR', 115, 'Pontuação gerada pela venda #110', 110, NULL, '2026-03-07 19:45:00'),
(63, 10, 'ADICIONAR', 51, 'Pontuação gerada pela venda #111', 111, NULL, '2026-03-07 17:24:00'),
(64, 6, 'ADICIONAR', 254, 'Pontuação gerada pela venda #113', 113, NULL, '2026-03-07 20:50:00'),
(65, 16, 'ADICIONAR', 236, 'Pontuação gerada pela venda #114', 114, NULL, '2026-03-07 12:20:00'),
(66, 8, 'ADICIONAR', 197, 'Pontuação gerada pela venda #116', 116, NULL, '2026-03-07 11:54:00'),
(67, 4, 'ADICIONAR', 102, 'Pontuação gerada pela venda #117', 117, NULL, '2026-03-07 09:21:00'),
(68, 16, 'ADICIONAR', 24, 'Pontuação gerada pela venda #119', 119, NULL, '2026-03-07 10:54:00'),
(69, 12, 'ADICIONAR', 72, 'Pontuação gerada pela venda #120', 120, NULL, '2026-03-07 19:06:00'),
(70, 12, 'BONUS', 10, 'Campanha promocional do mês', NULL, NULL, '2026-03-07 18:12:00'),
(71, 9, 'BONUS', 15, 'Campanha promocional do mês', NULL, NULL, '2026-03-07 18:09:00'),
(72, 1, 'BONUS', 10, 'Campanha promocional do mês', NULL, NULL, '2026-03-07 18:01:00'),
(73, 6, 'RESGATAR', 10, 'Resgate promocional', NULL, NULL, '2026-03-07 19:06:00'),
(74, 13, 'RESGATAR', 20, 'Resgate promocional', NULL, NULL, '2026-03-07 19:13:00');
INSERT INTO agendamentos (id, data, inicio, fim, inicio_min, fim_min, carrinho_id, motorista_id, local, status, obs) VALUES
(1, '2026-03-07', '08:00', '12:00', 480, 720, 2, 5, 'Orla de Icoaraci', 'Agendado', 'Agenda criada para demonstração'),
(2, '2026-03-07', '14:00', '18:00', 840, 1080, 4, 5, 'Praça da República', 'Agendado', 'Agenda criada para demonstração'),
(3, '2026-03-08', '08:00', '12:00', 480, 720, 5, 5, 'Portal da Amazônia', 'Agendado', 'Agenda criada para demonstração'),
(4, '2026-03-08', '14:00', '18:00', 840, 1080, 5, 5, 'Orla de Icoaraci', 'Agendado', 'Agenda criada para demonstração'),
(5, '2026-03-09', '08:00', '12:00', 480, 720, 1, 5, 'Praça Batista Campos', 'Confirmado', 'Agenda criada para demonstração'),
(6, '2026-03-09', '14:00', '18:00', 840, 1080, 4, 6, 'Ver-o-Rio', 'Confirmado', 'Agenda criada para demonstração'),
(7, '2026-03-10', '08:00', '12:00', 480, 720, 4, 5, 'Portal da Amazônia', 'Confirmado', 'Agenda criada para demonstração'),
(8, '2026-03-10', '14:00', '18:00', 840, 1080, 4, 5, 'Orla de Icoaraci', 'Confirmado', 'Agenda criada para demonstração'),
(9, '2026-03-11', '08:00', '12:00', 480, 720, 1, 6, 'Praça da República', 'Confirmado', 'Agenda criada para demonstração'),
(10, '2026-03-11', '14:00', '18:00', 840, 1080, 5, 6, 'Orla de Icoaraci', 'Agendado', 'Agenda criada para demonstração'),
(11, '2026-03-12', '08:00', '12:00', 480, 720, 5, 6, 'Orla de Icoaraci', 'Agendado', 'Agenda criada para demonstração'),
(12, '2026-03-12', '14:00', '18:00', 840, 1080, 4, 5, 'Praça da República', 'Agendado', 'Agenda criada para demonstração');
INSERT INTO delivery_pedidos (id, data, prev_saida, cliente_id, cliente_nome, cliente_telefone, end_rua, end_num, end_bairro, end_cidade, end_comp, entregador_id, forma_pagamento, status, taxa_entrega, subtotal, total, obs, venda_id) VALUES
(1, '2026-02-26', '17:12', 3, 'Camila Souza', '(91) 99203-3003', 'Avenida Gentil', '903', 'Jurunas', 'Belém', 'Fundos', 6, 'Dinheiro', 'Entregue', 4.00, 117.10, 121.10, 'Pedido gerado para demonstração', 8),
(2, '2026-02-26', '21:04', 7, 'Gabriel Lopes', '(91) 99207-3007', 'Travessa Castelo Branco', '240', 'Nazaré', 'Belém', 'Portaria', 5, 'Dinheiro', 'Cancelado', 5.00, 229.50, 234.50, 'Pedido gerado para demonstração', 9),
(3, '2026-02-27', '12:30', 14, 'Natália Pires', '(91) 99214-3014', 'Avenida Nazaré', '443', 'Batista Campos', 'Belém', '', 6, 'Cartao', 'Cancelado', 5.00, 112.30, 117.30, 'Pedido gerado para demonstração', 14),
(4, '2026-02-27', '18:56', 4, 'Daniel Moraes', '(91) 99204-3004', 'Avenida Nazaré', '171', 'Marco', 'Belém', '', 6, 'Pix', 'Entregue', 4.00, 58.50, 62.50, 'Pedido gerado para demonstração', 19),
(5, '2026-02-27', '19:07', 5, 'Eduarda Reis', '(91) 99205-3005', 'Rua dos Mundurucus', '831', 'Batista Campos', 'Belém', 'Apto 202', 6, 'Pix', 'Entregue', 4.00, 135.60, 139.60, 'Pedido gerado para demonstração', 24),
(6, '2026-02-28', '10:02', 7, 'Gabriel Lopes', '(91) 99207-3007', 'Rua dos Tamoios', '128', 'São Brás', 'Belém', 'Apto 202', 6, 'Cartao', 'Entregue', 5.00, 98.50, 103.50, 'Pedido gerado para demonstração', 26),
(7, '2026-02-28', '10:49', 14, 'Natália Pires', '(91) 99214-3014', 'Rua dos Tamoios', '807', 'Marco', 'Belém', 'Apto 202', 5, 'Dinheiro', 'Entregue', 4.00, 98.00, 102.00, 'Pedido gerado para demonstração', 33),
(8, '2026-02-28', '21:17', 17, 'Ricardo Nunes', '(91) 99217-3017', 'Travessa Castelo Branco', '291', 'Marco', 'Belém', 'Casa', 6, 'Cartao', 'Entregue', 6.00, 194.60, 200.60, 'Pedido gerado para demonstração', 35),
(9, '2026-03-01', '19:10', 2, 'Bruno Dias', '(91) 99202-3002', 'Avenida Nazaré', '660', 'Marco', 'Belém', 'Apto 202', 6, 'Cartao', 'Entregue', 4.00, 133.00, 137.00, 'Pedido gerado para demonstração', 45),
(10, '2026-03-02', '17:44', 15, 'Otávio Lima', '(91) 99215-3015', 'Travessa Castelo Branco', '650', 'Umarizal', 'Belém', 'Portaria', 5, 'Cartao', 'Entregue', 6.00, 172.40, 178.40, 'Pedido gerado para demonstração', 55),
(11, '2026-03-02', '10:23', 6, 'Fernanda Silva', '(91) 99206-3006', 'Rua dos Mundurucus', '92', 'Jurunas', 'Belém', 'Casa', 6, 'Cartao', 'Entregue', 6.00, 152.00, 158.00, 'Pedido gerado para demonstração', 58),
(12, '2026-03-02', '18:36', 1, 'Ana Clara', '(91) 99201-3001', 'Rua dos Mundurucus', '541', 'Batista Campos', 'Belém', 'Fundos', 5, 'Pix', 'Entregue', 4.00, 106.00, 110.00, 'Pedido gerado para demonstração', 59),
(13, '2026-03-02', '18:47', 16, 'Patrícia Gomes', '(91) 99216-3016', 'Avenida Nazaré', '688', 'Marco', 'Belém', '', 6, 'Pix', 'Entregue', 6.00, 169.50, 175.50, 'Pedido gerado para demonstração', 60),
(14, '2026-03-03', '11:51', 10, 'Juliana Rocha', '(91) 99210-3010', 'Rua dos Mundurucus', '205', 'Jurunas', 'Belém', '', 5, 'Dinheiro', 'Entregue', 6.00, 107.00, 113.00, 'Pedido gerado para demonstração', 64),
(15, '2026-03-03', '10:59', 13, 'Marcos Oliveira', '(91) 99213-3013', 'Avenida Nazaré', '480', 'São Brás', 'Belém', 'Casa', 6, 'Dinheiro', 'Entregue', 4.00, 146.50, 150.50, 'Pedido gerado para demonstração', 72),
(16, '2026-03-04', '14:03', 18, 'Sabrina Melo', '(91) 99218-3018', 'Rua dos Mundurucus', '716', 'São Brás', 'Belém', 'Fundos', 6, 'Pix', 'Entregue', 6.00, 96.00, 102.00, 'Pedido gerado para demonstração', 73),
(17, '2026-03-04', '16:14', 16, 'Patrícia Gomes', '(91) 99216-3016', 'Rua dos Tamoios', '859', 'Batista Campos', 'Belém', 'Fundos', 6, 'Pix', 'Entregue', 5.00, 170.50, 175.50, 'Pedido gerado para demonstração', 74),
(18, '2026-03-04', '14:18', 16, 'Patrícia Gomes', '(91) 99216-3016', 'Rua dos Tamoios', '819', 'Marco', 'Belém', 'Casa', 6, 'Cartao', 'Entregue', 6.00, 55.00, 61.00, 'Pedido gerado para demonstração', 78),
(19, '2026-03-05', '11:27', 1, 'Ana Clara', '(91) 99201-3001', 'Rua dos Tamoios', '188', 'São Brás', 'Belém', 'Casa', 6, 'Pix', 'Entregue', 6.00, 28.00, 34.00, 'Pedido gerado para demonstração', 85),
(20, '2026-03-05', '16:15', 2, 'Bruno Dias', '(91) 99202-3002', 'Travessa Castelo Branco', '877', 'Nazaré', 'Belém', 'Portaria', 6, 'Cartao', 'Cancelado', 6.00, 126.00, 132.00, 'Pedido gerado para demonstração', 92),
(21, '2026-03-05', '13:56', 8, 'Helena Costa', '(91) 99208-3008', 'Avenida Nazaré', '953', 'São Brás', 'Belém', 'Portaria', 6, 'Cartao', 'Entregue', 4.00, 18.00, 22.00, 'Pedido gerado para demonstração', 93),
(22, '2026-03-06', '13:38', 11, 'Kaique Martins', '(91) 99211-3011', 'Rua dos Mundurucus', '555', 'Batista Campos', 'Belém', 'Apto 202', 5, 'Pix', 'Entregue', 4.00, 66.00, 70.00, 'Pedido gerado para demonstração', 98),
(23, '2026-03-06', '11:35', 4, 'Daniel Moraes', '(91) 99204-3004', 'Rua dos Mundurucus', '782', 'Jurunas', 'Belém', '', 6, 'Pix', 'Entregue', 6.00, 102.30, 108.30, 'Pedido gerado para demonstração', 103),
(24, '2026-03-07', '20:04', 13, 'Marcos Oliveira', '(91) 99213-3013', 'Travessa Castelo Branco', '696', 'Batista Campos', 'Belém', '', 6, 'Pix', 'Entregue', 5.00, 115.00, 120.00, 'Pedido gerado para demonstração', 110),
(25, '2026-03-07', '12:39', 16, 'Patrícia Gomes', '(91) 99216-3016', 'Travessa Castelo Branco', '846', 'Umarizal', 'Belém', '', 6, 'Pix', 'Entregue', 6.00, 236.50, 242.50, 'Pedido gerado para demonstração', 114),
(26, '2026-03-07', '09:40', 4, 'Daniel Moraes', '(91) 99204-3004', 'Rua dos Mundurucus', '640', 'Nazaré', 'Belém', 'Casa', 6, 'Dinheiro', 'Entregue', 6.00, 101.70, 107.70, 'Pedido gerado para demonstração', 117),
(27, '2026-03-07', '11:13', 16, 'Patrícia Gomes', '(91) 99216-3016', 'Rua dos Tamoios', '639', 'São Brás', 'Belém', 'Apto 202', 6, 'Dinheiro', 'Entregue', 5.00, 24.00, 29.00, 'Pedido gerado para demonstração', 119);
INSERT INTO delivery_itens (id, pedido_id, produto_id, qtd, unitario, total) VALUES
(1, 1, 5, 4, 24.90, 99.60),
(2, 1, 11, 5, 3.50, 17.50),
(3, 2, 13, 3, 18.50, 55.50),
(4, 2, 11, 4, 3.50, 14.00),
(5, 2, 15, 5, 32.00, 160.00),
(6, 3, 7, 2, 25.90, 51.80),
(7, 3, 14, 4, 6.50, 26.00),
(8, 3, 16, 1, 16.50, 16.50),
(9, 3, 1, 4, 4.50, 18.00),
(10, 4, 9, 3, 18.00, 54.00),
(11, 4, 3, 1, 4.50, 4.50),
(12, 5, 6, 4, 25.90, 103.60),
(13, 5, 15, 1, 32.00, 32.00),
(14, 6, 9, 3, 18.00, 54.00),
(15, 6, 14, 3, 6.50, 19.50),
(16, 6, 2, 5, 5.00, 25.00),
(17, 7, 13, 4, 18.50, 74.00),
(18, 7, 8, 2, 12.00, 24.00),
(19, 8, 6, 4, 25.90, 103.60),
(20, 8, 12, 3, 14.00, 42.00),
(21, 8, 14, 2, 6.50, 13.00),
(22, 8, 8, 3, 12.00, 36.00),
(23, 9, 12, 3, 14.00, 42.00),
(24, 9, 2, 1, 5.00, 5.00),
(25, 9, 9, 4, 18.00, 72.00),
(26, 9, 11, 4, 3.50, 14.00),
(27, 10, 14, 5, 6.50, 32.50),
(28, 10, 5, 1, 24.90, 24.90),
(29, 10, 10, 5, 23.00, 115.00),
(30, 11, 15, 3, 32.00, 96.00),
(31, 11, 2, 4, 5.00, 20.00),
(32, 11, 8, 3, 12.00, 36.00),
(33, 12, 1, 3, 4.50, 13.50),
(34, 12, 13, 5, 18.50, 92.50),
(35, 13, 12, 1, 14.00, 14.00),
(36, 13, 7, 2, 25.90, 51.80),
(37, 13, 6, 3, 25.90, 77.70),
(38, 13, 14, 4, 6.50, 26.00),
(39, 14, 14, 4, 6.50, 26.00),
(40, 14, 16, 2, 16.50, 33.00),
(41, 14, 8, 4, 12.00, 48.00),
(42, 15, 16, 5, 16.50, 82.50),
(43, 15, 15, 2, 32.00, 64.00),
(44, 16, 15, 3, 32.00, 96.00),
(45, 17, 13, 3, 18.50, 55.50),
(46, 17, 10, 5, 23.00, 115.00),
(47, 18, 4, 2, 5.50, 11.00),
(48, 18, 8, 2, 12.00, 24.00),
(49, 18, 2, 4, 5.00, 20.00),
(50, 19, 12, 2, 14.00, 28.00),
(51, 20, 12, 5, 14.00, 70.00),
(52, 20, 2, 2, 5.00, 10.00),
(53, 20, 10, 2, 23.00, 46.00),
(54, 21, 9, 1, 18.00, 18.00),
(55, 22, 16, 4, 16.50, 66.00),
(56, 23, 7, 2, 25.90, 51.80),
(57, 23, 3, 1, 4.50, 4.50),
(58, 23, 10, 2, 23.00, 46.00),
(59, 24, 10, 5, 23.00, 115.00),
(60, 25, 15, 3, 32.00, 96.00),
(61, 25, 8, 4, 12.00, 48.00),
(62, 25, 13, 5, 18.50, 92.50),
(63, 26, 5, 3, 24.90, 74.70),
(64, 26, 3, 4, 4.50, 18.00),
(65, 26, 1, 2, 4.50, 9.00),
(66, 27, 8, 2, 12.00, 24.00);

-- Consultas rápidas para validação
SELECT COUNT(*) AS fornecedores FROM fornecedores;
SELECT COUNT(*) AS funcionarios FROM funcionarios;
SELECT COUNT(*) AS clientes FROM clientes;
SELECT COUNT(*) AS carrinhos FROM carrinhos;
SELECT COUNT(*) AS produtos FROM produtos;
SELECT COUNT(*) AS estoque FROM estoque;
SELECT COUNT(*) AS fechamentos FROM fechamentos;
SELECT COUNT(*) AS vendas FROM vendas;
SELECT COUNT(*) AS vendas_itens FROM vendas_itens;
SELECT COUNT(*) AS mov_fidelidade FROM mov_fidelidade;
SELECT COUNT(*) AS agendamentos FROM agendamentos;
SELECT COUNT(*) AS delivery_pedidos FROM delivery_pedidos;
SELECT COUNT(*) AS delivery_itens FROM delivery_itens;
